{
  "mainAssemblyName": "dployr_frontend",
  "resources": {
    "hash": "sha256-1jcwSf/fqElmdRXQO1e9/IX1EwEmyRgjkVGSJLfUZe8=",
    "fingerprinting": {
      "Auth0.AuthenticationApi.phjpmgdfah.wasm": "Auth0.AuthenticationApi.wasm",
      "Auth0.Core.4zf11iq8fw.wasm": "Auth0.Core.wasm",
      "Microsoft.AspNetCore.Authorization.lr8htq87b9.wasm": "Microsoft.AspNetCore.Authorization.wasm",
      "Microsoft.AspNetCore.Components.uiqg76t4si.wasm": "Microsoft.AspNetCore.Components.wasm",
      "Microsoft.AspNetCore.Components.Authorization.ed424uwo4l.wasm": "Microsoft.AspNetCore.Components.Authorization.wasm",
      "Microsoft.AspNetCore.Components.Forms.tklmjzr5f8.wasm": "Microsoft.AspNetCore.Components.Forms.wasm",
      "Microsoft.AspNetCore.Components.Web.ntpjq3fxsk.wasm": "Microsoft.AspNetCore.Components.Web.wasm",
      "Microsoft.AspNetCore.Components.WebAssembly.g6x5pveld0.wasm": "Microsoft.AspNetCore.Components.WebAssembly.wasm",
      "Microsoft.AspNetCore.Metadata.5b18q0hwa9.wasm": "Microsoft.AspNetCore.Metadata.wasm",
      "Microsoft.Extensions.Configuration.icatoxhjsq.wasm": "Microsoft.Extensions.Configuration.wasm",
      "Microsoft.Extensions.Configuration.Abstractions.h19gpugiy5.wasm": "Microsoft.Extensions.Configuration.Abstractions.wasm",
      "Microsoft.Extensions.Configuration.Json.n3x20s9cxz.wasm": "Microsoft.Extensions.Configuration.Json.wasm",
      "Microsoft.Extensions.DependencyInjection.t4styidezf.wasm": "Microsoft.Extensions.DependencyInjection.wasm",
      "Microsoft.Extensions.DependencyInjection.Abstractions.o7b6by1ki7.wasm": "Microsoft.Extensions.DependencyInjection.Abstractions.wasm",
      "Microsoft.Extensions.Localization.flg0p3xuro.wasm": "Microsoft.Extensions.Localization.wasm",
      "Microsoft.Extensions.Localization.Abstractions.103zzisj11.wasm": "Microsoft.Extensions.Localization.Abstractions.wasm",
      "Microsoft.Extensions.Logging.e47xhy91y6.wasm": "Microsoft.Extensions.Logging.wasm",
      "Microsoft.Extensions.Logging.Abstractions.9fvrd9xj8y.wasm": "Microsoft.Extensions.Logging.Abstractions.wasm",
      "Microsoft.Extensions.Options.v5r7rgvi6o.wasm": "Microsoft.Extensions.Options.wasm",
      "Microsoft.Extensions.Primitives.330fdynik0.wasm": "Microsoft.Extensions.Primitives.wasm",
      "Microsoft.IdentityModel.Abstractions.unx4ofbfba.wasm": "Microsoft.IdentityModel.Abstractions.wasm",
      "Microsoft.IdentityModel.JsonWebTokens.qngo38ooz1.wasm": "Microsoft.IdentityModel.JsonWebTokens.wasm",
      "Microsoft.IdentityModel.Logging.i2ltk3dh77.wasm": "Microsoft.IdentityModel.Logging.wasm",
      "Microsoft.IdentityModel.Protocols.lxxu2v1pl6.wasm": "Microsoft.IdentityModel.Protocols.wasm",
      "Microsoft.IdentityModel.Protocols.OpenIdConnect.s6jt7af4ch.wasm": "Microsoft.IdentityModel.Protocols.OpenIdConnect.wasm",
      "Microsoft.IdentityModel.Tokens.hry3t8q3zu.wasm": "Microsoft.IdentityModel.Tokens.wasm",
      "Microsoft.JSInterop.thjhyg5vln.wasm": "Microsoft.JSInterop.wasm",
      "Microsoft.JSInterop.WebAssembly.s0bw0921jm.wasm": "Microsoft.JSInterop.WebAssembly.wasm",
      "Newtonsoft.Json.qkbufwhni2.wasm": "Newtonsoft.Json.wasm",
      "System.IdentityModel.Tokens.Jwt.x49e6wbets.wasm": "System.IdentityModel.Tokens.Jwt.wasm",
      "Microsoft.CSharp.lbmiujk9f8.wasm": "Microsoft.CSharp.wasm",
      "System.Collections.Concurrent.gkfenpnv2j.wasm": "System.Collections.Concurrent.wasm",
      "System.Collections.Immutable.e9nf51xytn.wasm": "System.Collections.Immutable.wasm",
      "System.Collections.NonGeneric.1vnnwppg8b.wasm": "System.Collections.NonGeneric.wasm",
      "System.Collections.Specialized.75b7265v41.wasm": "System.Collections.Specialized.wasm",
      "System.Collections.fijwd98k6z.wasm": "System.Collections.wasm",
      "System.ComponentModel.Annotations.y1qis9n9z6.wasm": "System.ComponentModel.Annotations.wasm",
      "System.ComponentModel.Primitives.hrwhqs0ceo.wasm": "System.ComponentModel.Primitives.wasm",
      "System.ComponentModel.TypeConverter.wa97yso6ed.wasm": "System.ComponentModel.TypeConverter.wasm",
      "System.ComponentModel.6rz9j00r6b.wasm": "System.ComponentModel.wasm",
      "System.Console.oussr9h10c.wasm": "System.Console.wasm",
      "System.Data.Common.uyn20gd1gg.wasm": "System.Data.Common.wasm",
      "System.Diagnostics.DiagnosticSource.38pd1iuyae.wasm": "System.Diagnostics.DiagnosticSource.wasm",
      "System.Diagnostics.TraceSource.otruxx1hps.wasm": "System.Diagnostics.TraceSource.wasm",
      "System.Drawing.Primitives.yf99d6j9cs.wasm": "System.Drawing.Primitives.wasm",
      "System.Drawing.uta1xg9fwj.wasm": "System.Drawing.wasm",
      "System.Formats.Asn1.rppe14rovw.wasm": "System.Formats.Asn1.wasm",
      "System.IO.Compression.irvy47suto.wasm": "System.IO.Compression.wasm",
      "System.IO.Pipelines.v6xjxw7s3l.wasm": "System.IO.Pipelines.wasm",
      "System.Linq.Expressions.ji80pt8pc6.wasm": "System.Linq.Expressions.wasm",
      "System.Linq.y5djy7n2xl.wasm": "System.Linq.wasm",
      "System.Memory.1ydpmp28il.wasm": "System.Memory.wasm",
      "System.Net.Http.Json.doy0utgku9.wasm": "System.Net.Http.Json.wasm",
      "System.Net.Http.sm2ozbmyzi.wasm": "System.Net.Http.wasm",
      "System.Net.Primitives.evghnwnikt.wasm": "System.Net.Primitives.wasm",
      "System.ObjectModel.077kzlsouu.wasm": "System.ObjectModel.wasm",
      "System.Private.Uri.ai2nj5rb99.wasm": "System.Private.Uri.wasm",
      "System.Private.Xml.Linq.y7706e5b8i.wasm": "System.Private.Xml.Linq.wasm",
      "System.Private.Xml.a5pkbt0881.wasm": "System.Private.Xml.wasm",
      "System.Reflection.Emit.ILGeneration.iovnqz7c4y.wasm": "System.Reflection.Emit.ILGeneration.wasm",
      "System.Reflection.Emit.Lightweight.rxa2if2nvl.wasm": "System.Reflection.Emit.Lightweight.wasm",
      "System.Reflection.Primitives.rz67b88q3o.wasm": "System.Reflection.Primitives.wasm",
      "System.Runtime.InteropServices.JavaScript.c36vvrjj6t.wasm": "System.Runtime.InteropServices.JavaScript.wasm",
      "System.Runtime.InteropServices.pt36ro9vti.wasm": "System.Runtime.InteropServices.wasm",
      "System.Runtime.Numerics.32wi3mkrsj.wasm": "System.Runtime.Numerics.wasm",
      "System.Runtime.Serialization.Formatters.53obg6b28w.wasm": "System.Runtime.Serialization.Formatters.wasm",
      "System.Runtime.Serialization.Primitives.izguwlyy4t.wasm": "System.Runtime.Serialization.Primitives.wasm",
      "System.Runtime.r12my06qlt.wasm": "System.Runtime.wasm",
      "System.Security.Claims.e1txr19qf9.wasm": "System.Security.Claims.wasm",
      "System.Security.Cryptography.tn382dsgm6.wasm": "System.Security.Cryptography.wasm",
      "System.Text.Encoding.Extensions.a01f18beup.wasm": "System.Text.Encoding.Extensions.wasm",
      "System.Text.Encodings.Web.kmcf6yklp9.wasm": "System.Text.Encodings.Web.wasm",
      "System.Text.Json.onzw3u4shm.wasm": "System.Text.Json.wasm",
      "System.Text.RegularExpressions.ltm7xiccfk.wasm": "System.Text.RegularExpressions.wasm",
      "System.Threading.mmg1rhvir0.wasm": "System.Threading.wasm",
      "System.Web.HttpUtility.513mxxev0n.wasm": "System.Web.HttpUtility.wasm",
      "System.Xml.Linq.mglmvb8jto.wasm": "System.Xml.Linq.wasm",
      "System.Xml.ReaderWriter.ikuedigakt.wasm": "System.Xml.ReaderWriter.wasm",
      "System.Xml.XDocument.iol40e38de.wasm": "System.Xml.XDocument.wasm",
      "System.t8xd33e5pv.wasm": "System.wasm",
      "netstandard.uqhg5mia53.wasm": "netstandard.wasm",
      "System.Private.CoreLib.1ib9lyrkn9.wasm": "System.Private.CoreLib.wasm",
      "dployr_frontend.9y5a746ycs.wasm": "dployr_frontend.wasm",
      "dployr_frontend.resources.w4h1ae9ay0.wasm": "dployr_frontend.resources.wasm",
      "dployr_frontend.resources.0uh1dlx9nt.wasm": "dployr_frontend.resources.wasm",
      "dotnet.js": "dotnet.js",
      "dotnet.native.50iqa8w3ys.js": "dotnet.native.js",
      "dotnet.native.pk43x8e436.wasm": "dotnet.native.wasm",
      "dotnet.runtime.ew19f13umk.js": "dotnet.runtime.js",
      "icudt.oh1zvcfom8.dat": "icudt.dat"
    },
    "jsModuleNative": {
      "dotnet.native.50iqa8w3ys.js": "sha256-pQdXuxfVeqYHOwd5HUM2ERd7OnXirj9JTF37b6OdTAc="
    },
    "jsModuleRuntime": {
      "dotnet.runtime.ew19f13umk.js": "sha256-Isv/63htfX73xgn3/2cZMtk4S8xBcbmlXRgJMDv4mhI="
    },
    "wasmNative": {
      "dotnet.native.pk43x8e436.wasm": "sha256-6fprjjfQGsopiMetOMnTFT7N83KgQiUia8r8F1s/HUI="
    },
    "icu": {
      "icudt.oh1zvcfom8.dat": "sha256-tO5O5YzMTVSaKBboxAqezOQL9ewmupzV2JrB5Rkc8a4="
    },
    "coreAssembly": {
      "System.Runtime.InteropServices.JavaScript.c36vvrjj6t.wasm": "sha256-aBRJfPKhw/iL7CjlvetfKmPRKwQ1yZQqCeNMa2RgXfc=",
      "System.Private.CoreLib.1ib9lyrkn9.wasm": "sha256-h7Dmgk7Q3ZLsqtPOBIRkMk/NW2bBcoFGpVPRXFODNy4="
    },
    "assembly": {
      "Auth0.AuthenticationApi.phjpmgdfah.wasm": "sha256-7dTHWQ7s2OUbCPme6OIyOjhdIX2jaPo0aH7p20mPDic=",
      "Auth0.Core.4zf11iq8fw.wasm": "sha256-INASKWZz9m9G2a/qaUWxCSZZ5iwanWfN/pXQ62y0wE8=",
      "Microsoft.AspNetCore.Authorization.lr8htq87b9.wasm": "sha256-oWvjulqXGSIn0tsebXLjQidYL08CJLOQIVEpjAPAIdA=",
      "Microsoft.AspNetCore.Components.uiqg76t4si.wasm": "sha256-RvlA4Go3YmNz5Hc4iWKyFygM/qdRjNv3+9PfKAAqAJw=",
      "Microsoft.AspNetCore.Components.Authorization.ed424uwo4l.wasm": "sha256-XsEYApcb2oW0sTdydCZ4WmAMzY4X4dTJivUM3vkO7oo=",
      "Microsoft.AspNetCore.Components.Forms.tklmjzr5f8.wasm": "sha256-vWWYHbk3g3RAr1Cq7vLANE1X9injjsMCs/Q4SxpVro8=",
      "Microsoft.AspNetCore.Components.Web.ntpjq3fxsk.wasm": "sha256-hYBjmRuNONL5caBzTzh6zzDqI74JDXBY7LxyNgdbGeM=",
      "Microsoft.AspNetCore.Components.WebAssembly.g6x5pveld0.wasm": "sha256-yBMGlkALl/K99rJwsfNtwhQl4ZdX+EEexPIeqgAkKZo=",
      "Microsoft.AspNetCore.Metadata.5b18q0hwa9.wasm": "sha256-oSLG2Y4mCUR35E++cYiiilnD794GjkT1NFxIMo/xVBA=",
      "Microsoft.Extensions.Configuration.icatoxhjsq.wasm": "sha256-XhpSYR8F8A+kKAi/mojMfR/OreGPs3bc2GIu2PE9098=",
      "Microsoft.Extensions.Configuration.Abstractions.h19gpugiy5.wasm": "sha256-O/18yK/3Pj3wG2PLVJBN283TmIjoQ5k/JAdb5d/O+P8=",
      "Microsoft.Extensions.Configuration.Json.n3x20s9cxz.wasm": "sha256-7Wv00KMrZAHb5sX5acrBZ6dNoPfDuaNWlT69VNMGt1g=",
      "Microsoft.Extensions.DependencyInjection.t4styidezf.wasm": "sha256-rW0muBNtI+FY/WA4kKZ6KaamvExUL3czb1N7sbPc6K4=",
      "Microsoft.Extensions.DependencyInjection.Abstractions.o7b6by1ki7.wasm": "sha256-REGideAGZNcDE7mTzqbqP/RinSRdgp3cdeclFhNAicU=",
      "Microsoft.Extensions.Localization.flg0p3xuro.wasm": "sha256-A4m4dVc+7utK0fqp3Q/CSj7HKYppIDXHYRdEEscIJhk=",
      "Microsoft.Extensions.Localization.Abstractions.103zzisj11.wasm": "sha256-8QQja+Llq1YhN177PJNedYCkDghgpHF4Hm71Fg71S1M=",
      "Microsoft.Extensions.Logging.e47xhy91y6.wasm": "sha256-TusUfPjSxh0GzZINX/Xk9afg45BQccmXJOyvulCHlU4=",
      "Microsoft.Extensions.Logging.Abstractions.9fvrd9xj8y.wasm": "sha256-1ZiQKiVIed4viYMTlGc3fyeFId5MvSYI0id+R/btc0g=",
      "Microsoft.Extensions.Options.v5r7rgvi6o.wasm": "sha256-vc8CWywpPFGVlV1s6BzM2iogrTlr8xfH22VaInhkpU4=",
      "Microsoft.Extensions.Primitives.330fdynik0.wasm": "sha256-L5NQ4Q3qCOQCVq4fdxJDVX9+tmbCgm5IufwAOUFf37o=",
      "Microsoft.IdentityModel.Abstractions.unx4ofbfba.wasm": "sha256-llgXwdtEysm662IqLkG7+wnR6FhJzY00xU4IVkkIRBg=",
      "Microsoft.IdentityModel.JsonWebTokens.qngo38ooz1.wasm": "sha256-Vu15uc5aPe5rYCZv1to1WCNDbtugwPLt2oP7zPxybek=",
      "Microsoft.IdentityModel.Logging.i2ltk3dh77.wasm": "sha256-6p++vvqKJFhx5Ye2V/OYwlVUzx3Mn+GkRNExQrGbuHg=",
      "Microsoft.IdentityModel.Protocols.lxxu2v1pl6.wasm": "sha256-SXWzYCowfhAaJvfNv5j75VW7/mcp6z7ZYunZ2RgyL8w=",
      "Microsoft.IdentityModel.Protocols.OpenIdConnect.s6jt7af4ch.wasm": "sha256-ZMWtnH/tpFB+I9n5AZ5lduoe5aVaOfEzEV6iSOedF08=",
      "Microsoft.IdentityModel.Tokens.hry3t8q3zu.wasm": "sha256-vY9cmIyi7uYbps+UEz+iRo4ZE1NXDZjYRxXFJIjjDR0=",
      "Microsoft.JSInterop.thjhyg5vln.wasm": "sha256-D9Er45Fjw626NSAqOOhYj/pBZWGKHTe5EtJh5N1zO4E=",
      "Microsoft.JSInterop.WebAssembly.s0bw0921jm.wasm": "sha256-NNwR0xu2wKvvEIZnSUwKht+/0RJ9ziHW01M66VViIkI=",
      "Newtonsoft.Json.qkbufwhni2.wasm": "sha256-GlXMWKvDs45M2pACoR3Y4Qh8mcrOZGljqmvJY+6JZ5s=",
      "System.IdentityModel.Tokens.Jwt.x49e6wbets.wasm": "sha256-P2QtpiV9oHKFvk2sjV6RZWWf7tQcz21Nzv9gBicYUj8=",
      "Microsoft.CSharp.lbmiujk9f8.wasm": "sha256-fzQbdzd1ScO4v2ZobWPcufOaQQo+wLnOXhD6gn762cs=",
      "System.Collections.Concurrent.gkfenpnv2j.wasm": "sha256-sA5cv7eRKA7qS4PyIvBaB5Q5ThTZeKrdblk+tPoYEDU=",
      "System.Collections.Immutable.e9nf51xytn.wasm": "sha256-foOLRVrM6N2w69CPJCuerkqTotB5MHa3M6iktSrgMOU=",
      "System.Collections.NonGeneric.1vnnwppg8b.wasm": "sha256-c3MAHSYmWc6ZWUJz0imfNqHRcwlzDZvJ2qtunJbhGrE=",
      "System.Collections.Specialized.75b7265v41.wasm": "sha256-1aEK4cgsR7y+GlMBJtbGpg7gGFG+vwXsX93AOhMXzzE=",
      "System.Collections.fijwd98k6z.wasm": "sha256-OWS0cSr1Z+PI/MQ4YBcYNtrwI1kh0dMIIr5XbP5+iwA=",
      "System.ComponentModel.Annotations.y1qis9n9z6.wasm": "sha256-mpuvDMpFB5PkwXi4Vtt20Kx+vn9Kh6vqqRh15wK1xRg=",
      "System.ComponentModel.Primitives.hrwhqs0ceo.wasm": "sha256-HQrK/ZKkNx5nwuUklJQE7nDel8vJ84v4pQUoKrkCb1o=",
      "System.ComponentModel.TypeConverter.wa97yso6ed.wasm": "sha256-KIMY67lTwJnYA8q+gNgQgpwoMZsGv/S5pg4G7slyTXU=",
      "System.ComponentModel.6rz9j00r6b.wasm": "sha256-vi+/bw71rx/IGq/KQTPuV7dMDd4Fw3GhQNU6EX2mFbc=",
      "System.Console.oussr9h10c.wasm": "sha256-EJBWcwIMu+oaIM8x62AhmdPzNz6sTwxXWU2ZV/b7kJw=",
      "System.Data.Common.uyn20gd1gg.wasm": "sha256-1jXeIybSARdfrVvUhIzYzxEN8siUMqx7+ccveufBvA8=",
      "System.Diagnostics.DiagnosticSource.38pd1iuyae.wasm": "sha256-DbYSDlQ3ULPtChgObBwCCZfX7W6xxIWaW2/4JN18Vho=",
      "System.Diagnostics.TraceSource.otruxx1hps.wasm": "sha256-XB3dNN/HQVtvo0wPN4CSSdElpZz4S3cGGYVQXH7uUJk=",
      "System.Drawing.Primitives.yf99d6j9cs.wasm": "sha256-Dg2uHjSd1L4UrH7gy/qhwExVlqdKTFYn/C/r2xmQVRQ=",
      "System.Drawing.uta1xg9fwj.wasm": "sha256-Ej5CbdGQVpcK2/j+cvjvK5FkC46u1cBZCZyOxmX97SI=",
      "System.Formats.Asn1.rppe14rovw.wasm": "sha256-UaW1JZfLZgHTa8u+xwHMb13SPfXoWEnjocnOUp86S34=",
      "System.IO.Compression.irvy47suto.wasm": "sha256-suqHGEIsIWKnH7XX94xWxTyFxV1xNPMBGz7niwnzzUk=",
      "System.IO.Pipelines.v6xjxw7s3l.wasm": "sha256-OSCwBcmAGdruXjbdV49LPcDtEZAWvGQXGOU10O+UWyE=",
      "System.Linq.Expressions.ji80pt8pc6.wasm": "sha256-GzhW3WgDcyFAonyns3o2LX3UaQSAHugrVAXNU7cJcvw=",
      "System.Linq.y5djy7n2xl.wasm": "sha256-mmgEil7jEUmDGsUtvAyHGhURqPyAHfq1TMhdwMyYrew=",
      "System.Memory.1ydpmp28il.wasm": "sha256-2QwmBrf9SV1NRstM5IrLPzZdXOpKeZU7VePbk6Irc6I=",
      "System.Net.Http.Json.doy0utgku9.wasm": "sha256-jSFGE/yDp30mnaYImgfLr8xcOKuCjpJ7k2XE1oxRfbw=",
      "System.Net.Http.sm2ozbmyzi.wasm": "sha256-VBLCqUYfApREt/cV2Yloh3byAiap85j7sIePsdW84j4=",
      "System.Net.Primitives.evghnwnikt.wasm": "sha256-VqluKffy/OTxept04cce4C+kkbZ4i0cm7j+US0qVijA=",
      "System.ObjectModel.077kzlsouu.wasm": "sha256-bJgQUE80KrBXcDPpy8aMhlV5h9fOgVs3emRMJRXe5jI=",
      "System.Private.Uri.ai2nj5rb99.wasm": "sha256-cgOt8M27AXFIiWL/J7J3FqBczf4XNFKcMx4HuHxfYjc=",
      "System.Private.Xml.Linq.y7706e5b8i.wasm": "sha256-jvImLu7w9dweBVh921WOgJXx0pxx1jUIfc6QFPAg7T4=",
      "System.Private.Xml.a5pkbt0881.wasm": "sha256-Tjsrxq3ZznE2Y2ayjPzaO/J3yKjTg1hlWojJyc415pk=",
      "System.Reflection.Emit.ILGeneration.iovnqz7c4y.wasm": "sha256-3snP6kZEPFvzlZrM17f9mWDm1qY59hWPl0ihr9gbevk=",
      "System.Reflection.Emit.Lightweight.rxa2if2nvl.wasm": "sha256-33EXf4KMiSgMegI0Ba3RYQByERIDBpAA5OgSCt8krZI=",
      "System.Reflection.Primitives.rz67b88q3o.wasm": "sha256-2dV9S55cS+mv2Kd99hDd8lzWYmydkerhSvxZ2ZyRnjA=",
      "System.Runtime.InteropServices.pt36ro9vti.wasm": "sha256-I/zxDUqkrBHfM04GMRLrpEK925JOkRV9W6YTAaQyjnY=",
      "System.Runtime.Numerics.32wi3mkrsj.wasm": "sha256-NZKFk0/uRGmRu7weesVW7qs/y2R37ruC9SEXfoLLqqY=",
      "System.Runtime.Serialization.Formatters.53obg6b28w.wasm": "sha256-T5mzqb1/HNnxpAzrbwvPBRT3F29iW6gHcew/LmOawoE=",
      "System.Runtime.Serialization.Primitives.izguwlyy4t.wasm": "sha256-fuUFR4Vt8MMaX81++Ei8Ua1fCByU26lFuUUv/lCFHaM=",
      "System.Runtime.r12my06qlt.wasm": "sha256-3/XcZpIkdadtaae8lavrR4jWo1pgWIzMrDhaaLY503Q=",
      "System.Security.Claims.e1txr19qf9.wasm": "sha256-vj/shoPILWDa3++TSA8AalQ8p794I1z2lLLIDq2TE3o=",
      "System.Security.Cryptography.tn382dsgm6.wasm": "sha256-iRqbVVbHbmwa6p+TtCFua7/OZIgFyiGuylc56OYjEH8=",
      "System.Text.Encoding.Extensions.a01f18beup.wasm": "sha256-JlxHKarOmy6WMiu2nr+aS/4guWuYkL7H9PvZb+BwmOE=",
      "System.Text.Encodings.Web.kmcf6yklp9.wasm": "sha256-VATca8TYv5uSQFPGo9OiW+LfShyMPO2DlQLSu1X0TRQ=",
      "System.Text.Json.onzw3u4shm.wasm": "sha256-hNc3AB0Rh5cQ2Q4guK8MHAeo2YqEpQOpT+Tn4w//0lc=",
      "System.Text.RegularExpressions.ltm7xiccfk.wasm": "sha256-t4deeWUMhMHOUgmyiHdEiv98rfve8QUSAcERKjm9Y5E=",
      "System.Threading.mmg1rhvir0.wasm": "sha256-blkYZVRYcnF5Ys7rzkcYDs881jFCETmY+NraHBVOF94=",
      "System.Web.HttpUtility.513mxxev0n.wasm": "sha256-2T3F3wFyrYJQ1LvjQG0hMX4FQeerxw5OB+oj/cwtHbM=",
      "System.Xml.Linq.mglmvb8jto.wasm": "sha256-JuEj9dfBl39fqnbzXBS6GXngjNI7jj2ZEY6HaVcdW4U=",
      "System.Xml.ReaderWriter.ikuedigakt.wasm": "sha256-QsfuylLK80scMlDlvfAgGMh3/e18aGzR1NC46uo7aoA=",
      "System.Xml.XDocument.iol40e38de.wasm": "sha256-wm78cmVWNkRxaGYF5J2yg5jbuR1qk/2XVrpGxxsjdHA=",
      "System.t8xd33e5pv.wasm": "sha256-jdi196RMQvJqOZVnwRK7DGSWJifChhgNljcOjGeHSUY=",
      "netstandard.uqhg5mia53.wasm": "sha256-1ppkrzuTu8dwLUE33BKp9lUb7WK8qZeVgk/en94Xjjk=",
      "dployr_frontend.9y5a746ycs.wasm": "sha256-X+z/Zrvqvjaa5JzkwxSYIM8Mub/IHfJ6ghbgoRyxxQU="
    },
    "satelliteResources": {
      "en": {
        "dployr_frontend.resources.w4h1ae9ay0.wasm": "sha256-AKGhRgu6duqcNdPO40pUa8X78Tz3SnIG6+l848E1g2Q="
      },
      "es": {
        "dployr_frontend.resources.0uh1dlx9nt.wasm": "sha256-iAFa30ouRFYjNEmJXQs6WYabgzgBSrLeE2ewdDZE0U4="
      }
    }
  },
  "cacheBootResources": true,
  "debugLevel": 0,
  "linkerEnabled": true,
  "globalizationMode": "all",
  "extensions": {
    "blazor": {}
  }
}